{"name":"4ec6c4b8-5d17-4cf8-bc52-11d892d343ae","id":"/providers/Microsoft.Flow/flows/4ec6c4b8-5d17-4cf8-bc52-11d892d343ae","type":"Microsoft.Flow/flows","properties":{"apiId":"/providers/Microsoft.PowerApps/apis/shared_logicflows","displayName":"Incidents_SLA_Check_and_Notify","definition":{"metadata":{"workflowEntityId":null,"processAdvisorMetadata":null,"flowChargedByPaygo":null,"flowclientsuspensionreason":"None","flowclientsuspensiontime":null,"flowclientsuspensionreasondetails":null,"creator":{"id":"4057b191-28a1-472b-952d-ca5f7fa3f779","type":"User","tenantId":"e24ac094-efd8-4a6b-98d5-a129b32a8c9a"},"provisioningMethod":"FromDefinition","failureAlertSubscription":true,"clientLastModifiedTime":"2025-11-02T17:34:40.017348Z","connectionKeySavedTimeKey":"2025-11-02T17:34:40.017348Z","creationSource":"Portal","modifiedSources":"Portal"},"$schema":"https://schema.management.azure.com/providers/Microsoft.Logic/schemas/2016-06-01/workflowdefinition.json#","contentVersion":"undefined","parameters":{"$connections":{"defaultValue":{},"type":"Object"},"$authentication":{"defaultValue":{},"type":"SecureObject"}},"triggers":{"Recurrence":{"recurrence":{"frequency":"Minute","interval":1,"startTime":"2025-09-15T04:30:00.000Z"},"evaluatedRecurrence":{"frequency":"Minute","interval":1,"startTime":"2025-09-15T04:30:00.000Z"},"metadata":{"operationMetadataId":"b4564fd8-b68e-469a-8c1d-2d3ebe6bed28"},"type":"Recurrence"}},"actions":{"Apply_to_each":{"foreach":"@outputs('Get_items')?['body/value']","actions":{"Met_Condition":{"actions":{"Update_item":{"runAfter":{},"metadata":{"operationMetadataId":"6f4acd81-ae32-41be-b1cb-9d441cd47aa0"},"type":"OpenApiConnection","inputs":{"host":{"apiId":"/providers/Microsoft.PowerApps/apis/shared_sharepointonline","connectionName":"shared_sharepointonline_1","operationId":"PatchItem"},"parameters":{"dataset":"https://wilpbitspilaniacin0.sharepoint.com/sites/IncidentManagement","table":"5e3f87c4-8f15-4f3b-9901-35e1c5ab2b79","id":"@items('Apply_to_each')?['ID']","item/Title":"@items('Apply_to_each')?['Title']","item/IncidentID":"@items('Apply_to_each')?['IncidentID']","item/Description":"@items('Apply_to_each')?['Description']","item/Priority/Value":"@items('Apply_to_each')?['Priority/Value']","item/Category":"@items('Apply_to_each')?['Category']","item/Reporter/Claims":"@items('Apply_to_each')?['Reporter/Claims']","item/AssignedTo/Claims":"@items('Apply_to_each')?['AssignedTo/Claims']","item/Issue_Start_Time":"@items('Apply_to_each')?['Issue_Start_Time']","item/Issue_End_Date":"@items('Apply_to_each')?['Issue_End_Date']","item/Status/Value":"@items('Apply_to_each')?['Status/Value']","item/SLA_Status/Value":"@items('Apply_to_each')?['SLA_Status/Value']","item/EscalationHistory":"@items('Apply_to_each')?['EscalationHistory']","item/RCA_State/Value":"@items('Apply_to_each')?['RCA_State/Value']","item/RootCauseCategory":"@items('Apply_to_each')?['RootCauseCategory']","item/SuggestedRootCause":"@items('Apply_to_each')?['SuggestedRootCause']","item/RecurrenceCount":"@items('Apply_to_each')?['RecurrenceCount']","item/EscalationLevel":"@items('Apply_to_each')?['EscalationLevel']","item/ResolutionNotes":"@items('Apply_to_each')?['ResolutionNotes']","item/{ContentType}/Id":"@items('Apply_to_each')?['{ContentType}/Id']"},"authentication":"@parameters('$authentication')"}}},"runAfter":{},"else":{"actions":{"Near_Breach_Condition":{"actions":{"Send_email_(V2)":{"runAfter":{"Update_item_4":["Succeeded"]},"metadata":{"operationMetadataId":"173e5a4f-4ed4-4efc-8bb0-f81b610527c7"},"type":"OpenApiConnection","inputs":{"host":{"apiId":"/providers/Microsoft.PowerApps/apis/shared_gmail","connectionName":"shared_gmail","operationId":"SendEmailV2"},"parameters":{"emailMessage/To":"2021wb86686@wilp.bits-pilani.ac.in;2021wb15105@wilp.bits-pilani.ac.in","emailMessage/Subject":"SLA Near Breach for @{items('Apply_to_each')?['Title']}","emailMessage/Body":"<p>Dear Team.<br>\n<br>\nThe SLA for Incident @{outputs('Update_item_4')?['body/IncidentID']} (@{items('Apply_to_each')?['Title']}) &nbsp;is about to breach.<br>\nIssue End Time: @{outputs('Update_item_4')?['body/Issue_End_Date']}<br>\nPlease take immediate action.<br>\n<br>\nRegards,<br>\nIncident Team</p>","emailMessage/Importance":"High"},"authentication":"@parameters('$authentication')"}},"Update_item_4":{"runAfter":{},"metadata":{"operationMetadataId":"f7ea01c2-3c00-428a-a9a2-dbb32515c3ad"},"type":"OpenApiConnection","inputs":{"host":{"apiId":"/providers/Microsoft.PowerApps/apis/shared_sharepointonline","connectionName":"shared_sharepointonline_1","operationId":"PatchItem"},"parameters":{"dataset":"https://wilpbitspilaniacin0.sharepoint.com/sites/IncidentManagement","table":"5e3f87c4-8f15-4f3b-9901-35e1c5ab2b79","id":"@items('Apply_to_each')?['ID']","item/Title":"@items('Apply_to_each')?['Title']","item/IncidentID":"@items('Apply_to_each')?['IncidentID']","item/Description":"@items('Apply_to_each')?['Description']","item/Priority/Value":"@items('Apply_to_each')?['Priority/Value']","item/Category":"@items('Apply_to_each')?['Category']","item/Reporter/Claims":"@items('Apply_to_each')?['Reporter/Claims']","item/AssignedTo/Claims":"@items('Apply_to_each')?['AssignedTo/Claims']","item/Issue_Start_Time":"@items('Apply_to_each')?['Issue_Start_Time']","item/Issue_End_Date":"@items('Apply_to_each')?['Issue_End_Date']","item/Status/Value":"In Progress","item/SLA_Status/Value":"Near breach","item/EscalationHistory":"@items('Apply_to_each')?['EscalationHistory']","item/RCA_State/Value":"@items('Apply_to_each')?['RCA_State/Value']","item/RootCauseCategory":"@items('Apply_to_each')?['RootCauseCategory']","item/SuggestedRootCause":"@items('Apply_to_each')?['SuggestedRootCause']","item/RecurrenceCount":"@items('Apply_to_each')?['RecurrenceCount']","item/EscalationLevel":"@items('Apply_to_each')?['EscalationLevel']","item/ResolutionNotes":"@items('Apply_to_each')?['ResolutionNotes']","item/{ContentType}/Id":"@items('Apply_to_each')?['{ContentType}/Id']"},"authentication":"@parameters('$authentication')"}}},"runAfter":{},"else":{"actions":{"Breached_Condition":{"actions":{"Update_item_2":{"runAfter":{},"metadata":{"operationMetadataId":"56ec89ba-0b91-4fd2-8fff-c4080ed862c6"},"type":"OpenApiConnection","inputs":{"host":{"apiId":"/providers/Microsoft.PowerApps/apis/shared_sharepointonline","connectionName":"shared_sharepointonline_1","operationId":"PatchItem"},"parameters":{"dataset":"https://wilpbitspilaniacin0.sharepoint.com/sites/IncidentManagement","table":"5e3f87c4-8f15-4f3b-9901-35e1c5ab2b79","id":"@items('Apply_to_each')?['ID']","item/Title":"@items('Apply_to_each')?['Title']","item/IncidentID":"@items('Apply_to_each')?['IncidentID']","item/Description":"@items('Apply_to_each')?['Description']","item/Priority/Value":"@items('Apply_to_each')?['Priority/Value']","item/Category":"@items('Apply_to_each')?['Category']","item/Reporter/Claims":"@items('Apply_to_each')?['Reporter/Claims']","item/AssignedTo/Claims":"@items('Apply_to_each')?['AssignedTo/Claims']","item/Issue_Start_Time":"@items('Apply_to_each')?['Issue_Start_Time']","item/Issue_End_Date":"@items('Apply_to_each')?['Issue_End_Date']","item/Status/Value":"In Progress","item/SLA_Status/Value":"Breached","item/EscalationHistory":"@items('Apply_to_each')?['EscalationHistory']","item/RCA_State/Value":"@items('Apply_to_each')?['RCA_State/Value']","item/RootCauseCategory":"@items('Apply_to_each')?['RootCauseCategory']","item/SuggestedRootCause":"@items('Apply_to_each')?['SuggestedRootCause']","item/RecurrenceCount":"@items('Apply_to_each')?['RecurrenceCount']","item/EscalationLevel":"@items('Apply_to_each')?['EscalationLevel']","item/ResolutionNotes":"@items('Apply_to_each')?['ResolutionNotes']","item/{ContentType}/Id":"@items('Apply_to_each')?['{ContentType}/Id']"},"authentication":"@parameters('$authentication')"}}},"runAfter":{},"expression":{"equals":["@and(\r\n  not(empty(item()?['Issue_End_Date'])),\r\n  less(ticks(item()?['Issue_End_Date']), ticks(utcNow())),\r\n  not(equals(toLower(item()?['SLA_Status']?['Value']), 'breached')),\r\n  not(equals(toLower(item()?['SLA_Status']?['Value']), 'met')),\r\n  not(or(equals(toLower(item()?['Status']?['Value']), 'resolved'), equals(toLower(item()?['Status']?['Value']), 'closed')))\r\n)",true]},"metadata":{"operationMetadataId":"0c814a37-bafa-42d2-8964-97246e45a001"},"type":"If"}}},"expression":{"equals":["@and(\r\n  or(\r\n    equals(toLower(item()?['SLA_Status']?['Value']), 'on track'),\r\n    empty(item()?['SLA_Status'])\r\n  ),\r\n  not(empty(item()?['Issue_End_Date'])),\r\n  lessOrEquals(ticks(item()?['Issue_End_Date']), ticks(addHours(utcNow(),1))),\r\n  greater(ticks(item()?['Issue_End_Date']), ticks(utcNow())),\r\n  not(or(equals(item()?['Status']?['Value'], 'Resolved'), equals(item()?['Status']?['Value'], 'Closed')))\r\n)",true]},"metadata":{"operationMetadataId":"b4443b06-266e-4348-962a-aa2432fdb8da"},"type":"If"}}},"expression":{"equals":["@and(\r\n  or(\r\n    equals(toLower(item()?['Status']?['Value']), 'resolved'),\r\n    equals(toLower(item()?['Status']?['Value']), 'closed')\r\n  ),\r\n  not(empty(item()?['Issue_End_Date'])),\r\n  greater(ticks(item()?['Issue_End_Date']), ticks(utcNow()))\r\n)",true]},"metadata":{"operationMetadataId":"0592ed07-894a-4139-a60e-9c92c67fe262"},"type":"If"}},"runAfter":{"Get_items":["Succeeded"]},"metadata":{"operationMetadataId":"882f3963-6adc-405d-b9c6-1546c09ddc5a"},"type":"Foreach"},"Get_items":{"runAfter":{},"metadata":{"operationMetadataId":"064f7a5a-8b4b-49d6-98db-52240bdc37ec"},"type":"OpenApiConnection","inputs":{"host":{"apiId":"/providers/Microsoft.PowerApps/apis/shared_sharepointonline","connectionName":"shared_sharepointonline_1","operationId":"GetItems"},"parameters":{"dataset":"https://wilpbitspilaniacin0.sharepoint.com/sites/IncidentManagement","table":"5e3f87c4-8f15-4f3b-9901-35e1c5ab2b79","$filter":"(SLA_Status eq 'On Track' or SLA_Status eq null or SLA_Status eq 'Near Breach') and (Status ne 'Met' and Status ne 'Breached')","$top":100},"authentication":"@parameters('$authentication')"}}}},"connectionReferences":{"shared_sharepointonline_1":{"connectionName":"shared-sharepointonl-d9616c0c-2761-4ff0-bd07-7d121604a925","source":"Embedded","id":"/providers/Microsoft.PowerApps/apis/shared_sharepointonline","tier":"NotSpecified","apiName":"sharepointonline","isProcessSimpleApiReferenceConversionAlreadyDone":false},"shared_gmail":{"connectionName":"shared-gmail-cc510120-70fa-4919-9915-244a64479d04","source":"Embedded","id":"/providers/Microsoft.PowerApps/apis/shared_gmail","tier":"NotSpecified","apiName":"gmail","isProcessSimpleApiReferenceConversionAlreadyDone":false}},"flowFailureAlertSubscribed":false,"isManaged":false}}