{"schemaVersion":"1.0","appDefinitionTemplate":{"id":"/providers/Microsoft.PowerApps/apps/","type":"Microsoft.PowerApps/apps","tags":{"primaryDeviceWidth":"1366","primaryDeviceHeight":"768","supportsPortrait":"false","supportsLandscape":"true","primaryFormFactor":"Tablet","showStatusBar":"false","publisherVersion":"3.25092.9","minimumRequiredApiVersion":"2.2.0","hasComponent":"false","hasUnlockedComponent":"false","isUnifiedRootApp":"false","sienaVersion":"20250917T192713Z-3.25092.9.0"},"properties":{"appVersion":"2025-09-17T19:27:13Z","lifeCycleId":"Published","createdByClientVersion":{"major":3,"minor":25092,"build":9,"revision":0,"majorRevision":0,"minorRevision":0},"minClientVersion":{"major":3,"minor":25092,"build":9,"revision":0,"majorRevision":0,"minorRevision":0},"backgroundColor":"rgba(18, 107, 240, 1)","backgroundImageUri":"/5978836961368173060/N378ca6bc-4023-4960-a68a-fe9a256cb6d5-logoSmallFile","displayName":"IncidentSLAapp","description":"Quickly find work spaces for meetings—filter by date, time, and location until you find the perfect spot. Reserve with the tap of a button","commitMessage":"","appUris":{"documentUri":{"value":"/5978836961368173060/Nd6188d90-96d4-4ee5-b8ca-16926b795b8e-document.msapp"},"imageUris":[],"additionalUris":[{"isSolutionAware":false,"value":"/5978836961368173060/Nca6f0774-2998-4525-b323-ba41039fd1c1-identity.json"}]},"createdTime":"0001-01-01T00:00:00Z","lastModifiedTime":"0001-01-01T00:00:00Z","sharedGroupsCount":0,"sharedUsersCount":0,"connectionReferences":{"177c5454-dfbb-4a45-b731-44a44718f323":{"id":"ab02428f-dd5e-49f3-9e20-65cbc7d61d0a","displayName":"Office 365 Outlook","iconUri":"https://conn-afd-prod-endpoint-bmc9bqahasf3grgk.b01.azurefd.net/v1.0.1772/1.0.1772.4371/office365/icon.png","dataSources":["Office365"],"dependencies":[],"dependents":[],"parameterHints":{},"parameterHintsV2":{},"isOnPremiseConnection":false,"bypassConsent":false,"dataSets":{},"apiTier":"Standard","isCustomApiConnection":false,"actions":["GetRoomLists","GetRooms","CalendarGetTables"]},"c2cc55f3-9620-47e5-a551-6fd0e9ba33bb":{"id":"686cf3a7-5ee7-42d2-a68d-e8d7acfbc80e","displayName":"Office 365 Users","iconUri":"https://conn-afd-prod-endpoint-bmc9bqahasf3grgk.b01.azurefd.net/v1.0.1767/1.0.1767.4332/office365users/icon.png","dataSources":["Office365Users"],"dependencies":[],"dependents":[],"parameterHints":{},"parameterHintsV2":{},"isOnPremiseConnection":false,"bypassConsent":false,"dataSets":{},"apiTier":"Standard","isCustomApiConnection":false,"actions":["MyProfile"]},"727f26e7-5456-42d3-a315-ead6a2aa14b3":{"id":"60c2a464-3326-495c-a47f-dc362a7d8c03","displayName":"SharePoint","iconUri":"https://conn-afd-prod-endpoint-bmc9bqahasf3grgk.b01.azurefd.net/v1.0.1762/1.0.1762.4298/sharepointonline/icon.png","dataSources":["KnowledgeBase_new","RCA_Records_new","SLA_Configuration_new","Incidents_custome","Incidents_new","Incidents_new_1"],"dependencies":[],"dependents":[],"parameterHints":{},"parameterHintsV2":{},"isOnPremiseConnection":false,"bypassConsent":false,"dataSets":{"https://wilpbitspilaniacin0.sharepoint.com/sites/IncidentManagement":{"dataSources":{"KnowledgeBase_new":{"tableName":"be49e7d6-9530-4fff-8f8d-d0e05919d101"},"RCA_Records_new":{"tableName":"aec82de0-b3e2-448d-b944-8a2f3a1d2542"},"SLA_Configuration_new":{"tableName":"da64cb8d-2050-4d7f-be50-845dab28f449"},"Incidents_custome":{"tableName":"98968808-7ad7-4870-ad2a-08f46802f627"},"Incidents_new":{"tableName":"5e3f87c4-8f15-4f3b-9901-35e1c5ab2b79"},"Incidents_new_1":{"tableName":"5e3f87c4-8f15-4f3b-9901-35e1c5ab2b79"}}}},"apiTier":"Standard","isCustomApiConnection":false,"actions":["providers/PowerPlatform.Governance/Operations/Read","providers/PowerPlatform.Governance/Operations/Write"]}},"databaseReferences":{},"almMode":"Environment","performanceOptimizationEnabled":true,"canConsumeAppPass":true,"enableModernRuntimeMode":false,"executionRestrictions":{"isTeamsOnly":false,"dataLossPreventionEvaluationResult":{"status":"Compliant","lastEvaluationDate":"2025-09-13T11:17:46.1576046Z","violations":[],"violationsByPolicy":[],"violationErrorMessage":"The app uses the following connectors: shared_office365, shared_office365users."}}},"isAppComponentLibrary":false,"appType":"ClassicCanvasApp","appComponents":[]}}